id,name
987214bb-62d8-4fd5-8064-2fc81a481b0f,tough
cdb13914-4e87-4232-a76f-4c9c77239cd1,college
2765a60a-7b3e-4449-96ca-a00ac96ff720,scientist
0ba72735-9f4c-464d-9909-ddacb843caae,light
7a2d77c7-284b-4a3e-afdb-3512b4352968,team
7fc5d48e-a9d5-4dec-a207-cd3e42ea2aaf,old
b0e78410-c791-4ec0-b4d9-fb847eebd6d1,choose
ab01d252-37ef-4fec-be9c-d02c957ce554,firm
fb24c8d4-abcd-4d53-a8f7-bf7c24409fbf,forget
79510d84-b3d5-48ab-9758-543b3a3dac44,fast
017b2f18-c755-446f-8740-e1c2cc74afbd,again
527b9c1c-8e4e-4188-82e2-7804ad5cbe03,theory
865ceafc-95c9-4935-819a-c2147c42fa5c,stop
8cc53b04-576f-4346-8cda-081b7107ba12,board
f1c65c9b-1faa-4e79-8cc7-0372c8679450,charge
979cd649-8c38-4b51-aa72-529bc03010b4,will
0be0b6e5-40d3-41d8-b025-3b4bb493c4e3,name
f2a0b93e-b5f6-46fe-8026-99785dd34d95,offer
945ac5b8-fc24-4e48-8145-b2628c422cb2,though
7a9a146b-6422-4da1-8f74-bd1289397e59,yes
